Tred_0,Tred_0_1,Tred_0_2,Tred_0_3,Tred_0_4,Tred_0_5,Tred_0_6,Tred_0_7,Tred_0_8,Tred_0_9,Tred_1,Dred_0,Dred_0_1,Dred_0_2,Dred_0_3,Dred_0_4,Dred_0_5,Dred_0_6,Dred_0_7,Dred_0_8,Dred_0_9,Dred_1,SMILES_part1,SMILES_part2
5.1953,24.00977915,42.76256737,61.45366468,80.08307106,98.65078652,117.1568111,135.6011447,153.9837874,172.3047391,190.564,17.3837,16.75678681,16.06048854,15.31697668,14.54659728,13.76703199,12.99289677,12.23569391,11.50401126,10.80386844,10.139128,C,[He]
132.86,137.5185935,142.5493995,147.9063169,153.5427786,159.4117457,165.4657012,171.6566442,177.9360839,184.2550325,190.564,10.85,10.76733321,10.68561502,10.60551532,10.52766515,10.45265975,10.38106216,10.3134074,10.25020698,10.19195392,10.139128,C,[C-]#[O+]
150.687,153.9353565,157.4443241,161.1782434,165.1011962,169.1770033,173.3692218,177.6411434,181.9557909,186.2759167,190.564,13.40742965,12.89541328,12.4711408,12.10969888,11.79201657,11.50305776,11.23072867,10.96522452,10.6986515,10.42481891,10.139128,C,[Ar]
154.599,156.4816258,158.7451125,161.3894602,164.4146688,167.8207383,171.6076688,175.7754602,180.3241125,185.2536258,190.564,13.342189,12.94991031,12.57661655,12.22100849,11.88190182,11.55821476,11.24895717,10.95322115,10.67017264,10.39904409,10.139128,C,O=O
282.35,273.3751069,264.2940987,255.1299209,245.9054453,236.6434708,227.3667235,218.0978572,208.8594534,199.6740216,190.564,7.63676598,7.851063522,8.072772976,8.3021199,8.539326734,8.78461084,9.038182243,9.300241027,9.570974361,9.850553109,10.139128,C,C=C
373.1,350.6561296,328.9597215,308.0807347,288.0885101,269.0517765,251.0386576,234.1166791,218.3527743,203.8132915,190.564,10.19,10.09278023,10.02572031,9.984478133,9.965294871,9.964817789,9.97996334,10.00780992,10.04551354,10.09024234,10.139128,C,S
405.56,378.2908244,351.9221136,326.6014633,302.4738455,279.6816669,258.3648249,238.6607632,220.7045248,204.6288046,190.564,13.696,13.05310518,12.50926224,12.04538037,11.64695739,11.30276408,11.00395461,10.74345008,10.51550207,10.31537765,10.139128,C,N
513.38,489.719996,464.858506,438.5381503,410.4957363,380.4620933,348.1619021,313.3135179,275.628788,234.8128629,190.564,8.78517,9.135606623,9.319188334,9.345231054,9.248504876,9.081888097,8.908730853,8.800821833,8.848026943,9.192671621,10.139128,C,CO
507.82,486.6563794,463.6186713,438.53401,411.2270056,381.5196973,349.231507,314.1791901,276.1767868,235.0355713,190.564,2.706,2.959663511,3.24908121,3.58344013,3.97584223,4.44560068,5.022326405,5.753678443,6.72129291,8.077130985,10.139128,C,CCCCCC
514.71,492.950838,470.030038,445.5245104,418.9953868,389.9872772,358.0274856,322.6251795,283.2705121,239.4336923,190.564,5.93,6.208358521,6.508857944,6.834106884,7.18713409,7.571476193,7.991288374,8.45148525,8.957922074,9.517630357,10.139128,C,CCO
553.6,527.1730016,498.5512028,467.7346037,434.7232042,399.5170044,362.1160042,322.5202037,280.7296028,236.7442016,190.564,3.224,3.469274155,3.752516284,4.0832484,4.474466342,4.944382895,5.519337606,6.238898711,7.165360513,8.402794809,10.139128,C,C1CCCCC1
540.2,517.7080361,493.0709312,466.0612471,436.4474118,403.9936251,368.4597617,329.6012716,287.1690776,240.9094704,190.564,2.33,2.53795092,2.778305328,3.06084672,3.39995555,3.817594146,4.348951471,5.054002359,6.043752281,7.548801011,10.139128,C,CCCCCCC
647.096,577.5245727,512.1029942,451.3067228,395.5875984,345.3752911,301.0786443,263.0869218,231.7709657,207.4842733,190.564,17.873728,14.70554782,12.78344103,11.53939151,10.7136006,10.17273465,9.844042724,9.687822132,9.685034784,9.831985145,10.139128,C,O
591.75,560.0585951,527.4161861,493.4931502,457.9510781,420.4424792,380.6104747,338.0884788,292.4998661,243.4576255,190.564,3.169,3.426124494,3.715783601,4.04651799,4.430498145,4.885554946,5.438723026,6.132810925,7.039534661,8.28842014,10.139128,C,Cc1ccccc1
568.74,545.5030781,520.2738788,492.6124161,462.0635487,428.156322,390.4032755,348.2997129,301.3229339,248.9314239,190.564,2.031,2.227862572,2.460851559,2.740911064,3.083918057,3.513815824,4.068483497,4.811603684,5.859147199,7.446904435,10.139128,C,CCCCCCCC
594.55,572.1629519,547.4119923,519.7278089,488.5169147,453.1603511,413.0123069,367.3986456,315.6153358,256.9267749,190.564,1.81,1.988737686,2.202301809,2.461699145,2.783099985,3.191266012,3.726126743,4.45648831,5.511890127,7.168572445,10.139128,C,CCCCCCCCC
617.7,594.1732404,568.4019784,539.6953071,507.3273094,470.5348117,428.5149629,380.4226218,325.3675353,262.4112879,190.564,1.64,1.803820336,2.003014826,2.249025799,2.55875073,2.958187047,3.489440343,4.225369651,5.303723333,7.01962948,10.139128,C,CCCCCCCCCC
126.192,111.1011575,95.27699853,79.54376725,64.47656457,50.48886958,37.88558862,26.8964967,17.69803592,10.42794059,5.1953,11.1839,11.70402775,12.26964962,12.87786602,13.52337645,14.19766756,14.88815097,15.57737499,16.24251736,16.85544874,17.3837,[He],N#N
132.86,112.3976143,93.64543211,76.60345339,61.27167816,47.65010642,35.73873816,25.53757339,17.04661211,10.26585431,5.1953,10.85,11.304813,11.79188216,12.31458619,12.87678569,13.48291194,14.13807584,14.84820307,15.62020253,16.46217847,17.3837,[He],[C-]#[O+]
150.687,127.1447708,105.6009992,86.0556852,68.50882879,52.96042999,39.41048879,27.8590052,18.3059792,10.7514108,5.1953,13.40742965,13.73379356,14.07352025,14.42740938,14.79632493,15.18120172,15.58305284,16.00297797,16.4421728,16.90193973,17.3837,[He],[Ar]
154.599,130.3784465,108.220156,88.12412845,70.09036394,54.11886244,40.20962394,28.36264845,18.57793596,10.85548648,5.1953,13.342189,13.67266291,14.01690734,14.37576118,14.75013196,15.14100309,15.54944181,15.97660841,16.42376647,16.89229465,17.3837,[He],O=O
305.322,254.5317448,208.3587307,166.8029578,129.864426,97.54313545,69.83908603,46.75227778,28.28271069,14.43038476,5.1953,6.856886685,7.364072807,7.935272636,8.582632786,9.321517647,10.17164365,11.15872881,12.31695277,13.69273337,15.35072156,17.3837,[He],CC
304.1282,274.3252243,241.4772382,207.174568,172.6620859,138.9281785,106.7675669,76.82652556,49.63599653,25.63621792,5.1953,10.6249063,11.11758644,11.75982108,12.53422126,13.41710006,14.37078921,15.33634024,16.22905611,16.94139306,17.3580555,17.3837,[He],O=C=O
373.1,310.1877919,253.0804146,201.7778679,156.2801519,116.5872665,82.69921186,54.61598788,32.33759457,15.86403195,5.1953,10.19,10.66658229,11.18093227,11.7374828,12.34137788,12.99862056,13.71625933,14.50262522,15.36763631,16.32319338,17.3837,[He],S
369.89,307.5535273,250.9652774,200.1252503,155.033446,115.6898646,82.09450604,54.24737028,32.14845736,15.79776726,5.1953,5,5.459609674,5.991542077,6.613057244,7.347245645,8.225696774,9.292777206,10.61277624,12.28244228,14.45433453,17.3837,[He],CCC
407.81,338.6633247,275.9355839,219.6267777,169.7369059,126.2659687,89.21396592,58.58089768,34.36676395,16.57156472,5.1953,3.879756788,4.28449891,4.761625207,5.330873035,6.019667227,6.867228948,7.931626384,9.302554917,11.126125,13.65725564,17.3837,[He],CC(C)C
425.125,352.8625364,287.326627,228.5172717,176.4344705,131.0782234,92.44853046,60.54539165,35.36880697,16.91877642,5.1953,3.922769613,4.330017387,4.809741552,5.381604081,6.072883359,6.922520779,7.988045354,9.358083017,11.17651695,13.69327789,17.3837,[He],CCCC
460.35,381.7382745,310.4812724,246.5789938,190.0314386,140.8386069,99.0004986,64.51711377,37.3884524,17.61451447,5.1953,3.271,3.636627203,4.072353203,4.598726547,5.244944853,6.053888788,7.09112117,8.462040847,10.34733775,13.08443825,17.3837,[He],CCC(C)C
469.659,389.3671225,316.5964688,251.3470391,193.6188332,143.4118513,100.7260932,65.56155907,37.91824881,17.79616246,5.1953,3.25991,3.624759502,4.059647863,4.585133262,5.230439309,6.038506442,7.075029189,8.445699392,10.33188983,13.07275902,17.3837,[He],CCCCC
507.82,420.6317023,341.6491442,270.8723255,208.3012463,153.9359065,107.7763063,69.82244548,40.07432418,18.53194235,5.1953,2.706,3.028871018,3.417832965,3.893622398,4.486364974,5.241498853,6.23080896,7.574572753,9.490488538,12.41668064,17.3837,[He],CCCCCC
540.2,447.1497086,362.8882664,287.4156733,220.7319295,162.8370349,113.7309895,73.41379334,41.88544635,19.14594857,5.1953,2.33,2.620690044,2.973595928,3.409160028,3.957550676,4.665144517,5.606963284,6.912587615,8.826317613,11.8692427,17.3837,[He],CCCCCCC
647.096,534.6363884,432.9033417,341.8968597,261.6169425,192.0635901,133.2368025,85.1365797,47.76292168,21.11582844,5.1953,17.873728,17.8236944,17.77389397,17.72432515,17.67498639,17.62587615,17.57699291,17.52833516,17.47990141,17.43169018,17.3837,[He],O
568.74,470.5157645,381.5959212,301.9804704,231.6694119,170.6627457,118.9604719,76.56259039,43.46910125,19.68000445,5.1953,2.031,2.293807801,2.614945448,3.014310671,3.521656576,4.183460594,5.076434712,6.336591409,8.229689154,11.3530824,17.3837,[He],CCCCCCCC
594.55,491.6414145,398.5046325,315.1396539,241.5464787,177.725107,123.6755387,79.39777386,44.89181247,20.15765451,5.1953,1.81,2.050809273,2.346559374,2.71653074,3.189847868,3.812576228,4.661953206,5.877783347,7.741182723,10.91184189,17.3837,[He],CCCCCCCCC
617.7,510.5858169,413.66357,326.9332593,250.394885,184.0484468,127.893945,81.93137935,46.16074998,20.58205686,5.1953,1.64,1.863037566,2.138078843,2.483784557,2.928572784,3.517842498,4.328684501,5.503000948,7.332935578,10.52930016,17.3837,[He],CCCCCCCCCC
44.4,41.72496665,39.38065462,37.37222158,35.70479614,34.38347811,33.41333867,32.7994206,32.54673842,32.66027866,33.145,24.1,22.78189925,21.34655997,19.92617743,18.61293715,17.46588775,16.52254668,15.81127578,15.36390301,15.23114256,15.508,[HH],[Ne]
126.192,116.8452428,107.2169704,97.42489352,87.58145563,77.79412454,68.16566447,58.7943906,49.77440731,41.19583117,33.145,11.1839,11.53575691,11.92255337,12.34100456,12.78652708,13.25281911,13.73143442,14.21139989,14.67895423,15.11751508,15.508,[HH],N#N
132.86,124.4020579,115.6077696,106.477135,97.01015433,87.20682743,77.06715433,66.59113504,55.77876956,44.63005788,33.145,10.85,10.99584688,11.18850609,11.43276189,11.73503677,12.10384779,12.55046997,13.08991192,13.74237862,14.53552042,15.508,[HH],[C-]#[O+]
150.687,135.108866,120.3804952,106.5018874,93.47304275,81.2939612,69.96464275,59.48508741,49.85529517,41.07526603,33.145,13.40742965,13.59560198,13.78819995,13.98537474,14.18728441,14.39409433,14.60597752,14.82311521,15.04569722,15.27392258,15.508,[HH],[Ar]
154.599,138.4416529,123.1758496,108.8015901,95.31887435,82.72770244,71.02807435,60.21999005,50.30344956,41.27845288,33.145,13.342189,13.53548594,13.73347649,13.93632622,14.14420851,14.35730497,14.57580598,14.7999112,15.02983011,15.26578268,15.508,[HH],O=O
305.322,284.0160485,260.4616465,235.0442798,208.1277712,180.055782,151.1531887,121.7273497,92.06927006,62.45467507,33.145,6.856886685,7.149513242,7.529541838,8.005489465,8.589603677,9.298006176,10.15081624,11.17197381,12.38825572,13.82657245,15.508,[HH],CC
304.1282,280.4428208,255.2602535,228.8811063,201.5915457,173.6641532,145.3587221,116.9229985,88.5933717,60.59551794,33.145,10.6249063,10.58493565,10.70397387,10.9584272,11.33402618,11.82121397,12.41174522,13.0955757,13.85755899,14.67380522,15.508,[HH],O=C=O
373.1,322.5592266,275.6951805,232.507862,192.9972708,157.1634071,125.0062708,96.52586197,71.72218055,50.59522656,33.145,10.19,10.57542218,10.98547713,11.4224844,11.88906005,12.38816532,12.92316537,13.49790029,14.11677167,14.78484882,15.508,[HH],S
369.89,345.9461924,319.8400087,291.5714489,261.140513,228.5472011,193.791513,156.8734489,117.7930087,76.55019239,33.145,5,5.382259644,5.822884567,6.336258102,6.941910305,7.667046072,8.550725803,9.651112956,11.05877891,12.9229273,15.508,[HH],CCC
407.81,370.3209236,332.8368642,295.3578217,257.8837963,220.4147878,182.9507963,145.4918217,108.0378642,70.5889236,33.145,3.879756788,4.197289386,4.570629612,5.015904707,5.556118181,6.225251918,7.075702698,8.192710786,9.724875729,11.95646135,15.508,[HH],CC(C)C
425.125,398.2975991,368.7211762,336.3957313,301.3212644,263.4977754,222.9252644,179.6037313,133.5331762,84.71359914,33.145,3.922769613,4.203534428,4.536794883,4.938354851,5.431092464,6.04941561,6.847570253,7.916343029,9.420056275,11.68992115,15.508,[HH],CCCC
460.35,417.6034278,374.8626493,332.1276648,289.398474,246.6750771,203.957474,161.2456648,118.5396493,75.83942775,33.145,3.271,3.554309409,3.890524863,4.295989,4.79454803,5.422416646,6.237391839,7.337745208,8.905172067,11.317164,15.508,[HH],CCC(C)C
469.659,425.982673,382.3118854,338.646637,294.986928,251.3327584,207.684128,164.041037,120.4034854,76.77147301,33.145,3.25991,3.541411186,3.875602457,4.278803315,4.774848596,5.399977457,6.212109747,7.309911059,8.876268971,11.29253951,15.508,[HH],CCCCC
507.82,482.218659,451.7581716,416.4385377,376.2597573,331.2218306,281.3247573,226.5685377,166.9531716,102.478659,33.145,2.706,2.948624862,3.239273301,3.593769297,4.035746725,4.602145731,5.354111329,6.40070236,7.957257773,10.51656317,15.508,[HH],CCCCCC
540.2,514.224397,482.7532614,445.7865931,403.3243921,355.3666584,301.9133921,242.9645931,178.5202614,108.580397,33.145,2.33,2.573992962,2.867346033,3.22639061,3.675532882,4.252946193,5.021868919,6.095212392,7.696242399,10.33697619,15.508,[HH],CCCCCCC
647.096,550.8404524,462.3316709,381.5696556,308.5544064,243.2859233,185.7642064,135.9892556,93.96107091,59.67965239,33.145,17.873728,17.61079643,17.35427233,17.10393288,16.85956539,16.62096671,16.38794271,16.1603078,15.93788444,15.72050273,15.508,[HH],O
568.74,515.1723671,461.6065415,408.0425232,354.4803123,300.9199086,247.3613123,193.8045232,140.2495415,86.6963671,33.145,2.031,2.22700483,2.464144979,2.756884275,3.127367743,3.611301213,4.270207857,5.219911153,6.707402442,9.369854186,15.508,[HH],CCCCCCCC
594.55,538.3752371,482.2080882,426.0485533,369.8966323,313.7523253,257.6156323,201.4865533,145.3650882,89.25123712,33.145,1.81,1.987182765,2.202322128,2.469076027,2.808548192,3.255162744,3.86914285,4.766251838,6.201005167,8.863495637,15.508,[HH],CCCCCCCCC
617.7,593.3370961,563.3897107,527.1749521,483.9760878,433.0404216,373.5770092,304.7541976,225.6969721,135.4840924,33.145,1.64,1.902824258,2.212179924,2.573269856,2.991042407,3.472844068,4.03771088,4.743300543,5.769776231,7.785460676,15.508,[HH],CCCCCCCCCC
289.733,261.3209945,233.7709235,207.0827871,181.2565853,156.292318,132.1899853,108.9495871,86.57112352,65.05459448,44.4,8.4,8.968338821,9.573287895,10.23168418,10.97101861,11.83540185,12.89656685,14.2761759,16.19608251,19.10800301,24.1,[Ne],[Xe]
154.599,151.4505998,148.3955064,145.4244083,142.5279728,139.6968465,136.9216548,134.1930018,131.5014706,128.8376232,126.192,13.342189,13.10449691,12.87150945,12.64332277,12.42000819,12.20161475,11.98817152,11.77968975,11.57616492,11.37757856,11.1839,N#N,O=O
282.35,265.1653718,248.329372,231.8420008,215.703258,199.9131438,184.471658,169.3788008,154.634572,140.2389718,126.192,7.63676598,7.831352525,8.049044063,8.292908333,8.566655522,8.874808238,9.222929246,9.617931161,10.06850458,10.58572105,11.1839,N#N,C=C
373.1,341.1151928,310.6884447,281.8434722,254.6039029,228.9932758,205.035042,182.7525647,162.1691203,143.3078977,126.192,10.19,9.99800689,9.812520268,9.652067176,9.534278707,9.47718549,9.501319437,9.633049436,9.910222115,10.39265357,11.1839,N#N,S
369.89,347.6885263,324.9606248,301.7230747,277.9926192,253.7859659,229.1197866,204.0107174,178.475359,152.5302766,126.192,5,5.288936467,5.606769305,5.960901162,6.361386372,6.822114661,7.362706564,8.011680859,8.812019873,9.831558783,11.1839,N#N,CCC
405.56,369.4479097,335.1525505,302.6739226,272.0120258,243.1668602,216.1384258,190.9267226,167.5317505,145.9535097,126.192,13.696,13.08491756,12.58805014,12.18565874,11.86329056,11.610314,11.41895465,11.2836543,11.20064685,11.16768787,11.1839,N#N,N
400.378,372.6349624,344.964022,317.3651789,289.838433,262.3837844,235.001233,207.6907789,180.452422,153.2861624,126.192,5.94,6.273496865,6.636319669,7.032064047,7.464902725,7.939702061,8.462167416,9.039025917,9.678258192,10.3893949,11.1839,N#N,COC
407.81,383.7372733,358.8880065,333.2131412,306.6633384,279.1889767,250.74015,221.2666657,190.7180427,159.0435091,126.192,3.879756788,4.152294875,4.462647783,4.820498314,5.239155829,5.737407529,6.342633218,7.096319395,8.064447478,9.358652205,11.1839,N#N,CC(C)C
425.125,399.7766281,373.5238397,346.3273512,318.1477062,288.9452748,258.6802525,227.3126592,194.8023384,161.1089561,126.192,3.922769613,4.168426335,4.452731143,4.785770095,5.181446221,5.659474718,6.248775859,6.993558966,7.964966879,9.285275392,11.1839,N#N,CCCC
460.35,434.0925633,406.2443791,376.8054476,345.7757687,313.1553424,278.9441687,243.1422476,205.7495791,166.7661633,126.192,3.271,3.507679965,3.784469128,4.112445779,4.507183199,4.991286754,5.598868091,6.383933462,7.437362988,8.924858423,11.1839,N#N,CCC(C)C
469.659,443.8686176,416.1768312,386.583641,355.0890468,321.6930488,286.3956468,249.196841,210.0966312,169.0950176,126.192,3.25991,3.525884694,3.834517383,4.196854548,4.628113027,5.149852959,5.793667425,6.607786433,7.669688047,9.112230737,11.1839,N#N,CCCCC
511.72,475.7252526,440.2769673,404.9879789,369.4545813,333.2556338,295.9516105,257.0835858,216.1721516,172.7162623,126.192,3.92,4.187728408,4.467881494,4.7674928,5.098877898,5.482523402,5.95242614,6.56711475,7.435175627,8.783589031,11.1839,N#N,C1CCCC1
507.82,479.6973474,449.343551,416.7586106,381.9425264,344.8952984,305.6169264,264.1074106,220.366751,174.3949474,126.192,2.706,2.917558447,3.167712988,3.468036352,3.835242825,4.294400377,4.884894713,5.672354027,6.774873861,8.428546196,11.1839,N#N,CCCCCC
514.71,490.0353454,464.0592818,436.1596963,405.6773832,371.9132383,334.1251936,291.5248655,243.2738839,188.479867,126.192,5.93,6.251417043,6.602416358,6.987047582,7.410122471,7.87740214,8.395842287,8.973918464,9.622063642,10.35326602,11.1839,N#N,CCO
562.02,525.2866776,487.0312491,447.2537145,405.9540737,363.1323268,318.7884737,272.9225145,225.5344491,176.6242776,126.192,3.901,4.218216825,4.57951358,4.99413337,5.474040626,6.034995084,6.698176828,7.492722939,8.459833588,9.659710213,11.1839,N#N,c1ccccc1
553.6,518.2822801,481.3149869,442.6981203,402.4316803,360.515667,316.9500803,271.7349203,224.8701869,176.3558801,126.192,3.224,3.512983782,3.847526676,4.23871638,4.701500531,5.256519603,5.933092714,6.774301313,7.846118178,9.254910956,11.1839,N#N,C1CCCCC1
540.2,510.3044687,477.8522111,442.8432271,405.2775166,365.1550798,322.4759166,277.2400271,229.4474111,179.0980687,126.192,2.33,2.479273106,2.661730804,2.888181358,3.174867402,3.547347019,4.048259728,4.754421661,5.819596754,7.602956237,11.1839,N#N,CCCCCCC
568.74,545.523567,517.6319413,485.0651229,447.8231119,405.9059082,359.3135119,308.0459229,252.1031413,191.485167,126.192,2.031,2.221226908,2.448275146,2.723935869,3.065635076,3.500256301,4.071563818,4.855919512,5.999577734,7.822375382,11.1839,N#N,CCCCCCCC
594.55,566.0342454,534.731333,500.1892946,461.9401889,419.4993892,372.364833,320.0162312,261.9142329,197.4995446,126.192,1.81,2.004604598,2.2379118,2.522277334,2.875898528,3.326723647,3.919984859,4.733989289,5.917090772,7.788529442,11.1839,N#N,CCCCCCCCC
617.7,590.0474382,558.9342488,523.8958367,484.4517797,440.105148,390.3417901,334.6295792,272.4176214,203.1354209,126.192,1.64,1.839326068,2.08021435,2.375957243,2.745990625,3.219858898,3.844690898,4.700435274,5.934204589,7.849052555,11.1839,N#N,CCCCCCCCCC
658.1,629.3787102,597.6657395,562.1381428,521.9239085,476.098246,423.679531,363.6248723,294.8252554,216.1002175,126.192,1.33,1.501328532,1.710513884,1.970410702,2.300209255,2.729827043,3.308519818,4.12333339,5.343582683,7.347302722,11.1839,N#N,CCCCCCCCCCCC
150.687,147.6877462,144.9588378,142.5002746,140.3120566,138.394184,136.7466566,135.3694746,134.2626378,133.4261462,132.86,13.40742965,12.71037167,12.15835063,11.72308346,11.38468767,11.12910695,10.94650517,10.83025322,10.77629982,10.78280872,10.85,[C-]#[O+],[Ar]
305.322,287.402446,269.6325262,252.0122407,234.5415894,217.2205722,200.0491894,183.0274407,166.1553262,149.432846,132.86,6.856886685,6.927904641,7.042834568,7.206050534,7.424139328,7.70661148,8.067042194,8.524922576,9.108749411,9.861399825,10.85,[C-]#[O+],CC
304.1282,286.1201216,268.4001577,250.9340312,233.6872791,216.6252516,199.7131108,182.9158294,166.1981893,149.5247807,132.86,10.6249063,10.14727484,9.831337179,9.642147028,9.557875338,9.56512637,9.656340106,9.828340346,10.08156688,10.41976143,10.85,[C-]#[O+],O=C=O
373.1,345.3575012,318.0607297,291.3575014,265.3926361,240.3080328,216.2427427,193.3330409,171.7124946,151.5120306,132.86,10.19,10.41755487,10.49442108,10.44565785,10.31104407,10.13852805,9.97967905,9.889468499,9.932405759,10.19943453,10.85,[C-]#[O+],S
369.89,348.725946,326.9976817,304.7052073,281.8485226,258.4276277,234.4425226,209.8932073,184.7796817,159.101946,132.86,5,5.244201845,5.523431784,5.845210771,6.219412732,6.659260231,7.182872682,7.815761314,8.595022944,9.576754763,10.85,[C-]#[O+],CCC
407.81,380.3152124,352.8203776,325.3254956,297.8305663,270.3355899,242.8405663,215.3454956,187.8503776,160.3552124,132.86,3.879756788,4.145693481,4.450876955,4.804687337,5.219752689,5.713488007,6.310600918,7.047355326,7.97922244,9.195538119,10.85,[C-]#[O+],CC(C)C
425.125,395.8985,366.672,337.4455,308.219,278.9924999,249.766,220.5395,191.313,162.0865,132.86,3.922769613,4.190243286,4.496876182,4.851947134,5.267917876,5.761925857,6.358204169,7.092177946,8.017769091,9.221281011,10.85,[C-]#[O+],CCCC
460.35,427.601,394.852,362.103,329.354,296.605,263.856,231.107,198.358,165.609,132.86,3.271,3.516646684,3.80218444,4.138188963,4.539336694,5.026605765,5.631064958,6.400770106,7.414212001,8.808942889,10.85,[C-]#[O+],CCC(C)C
469.659,435.9804231,402.3015521,368.6223872,334.9429282,301.2631752,267.5831282,233.9027872,200.2221521,166.5412231,132.86,3.25991,3.504076861,3.788049162,4.122424303,4.521927818,5.007640362,5.610840704,6.380021044,7.394617224,8.794375628,10.85,[C-]#[O+],CCCCC
507.82,470.324,432.828,395.332,357.836,320.34,282.844,245.348,207.852,170.356,132.86,2.706,2.925591886,3.183971914,3.492412837,3.867024129,4.331657763,4.92319489,5.70184946,6.7730867,8.339965422,10.85,[C-]#[O+],CCCCCC
540.2,499.4636247,458.7277773,417.9924577,377.2576659,336.523402,295.7896659,255.0564577,214.3237773,173.5916247,132.86,2.33,2.528180267,2.763307036,3.046774148,3.395197176,3.833791865,4.402765444,5.170402724,6.262758857,7.941140629,10.85,[C-]#[O+],CCCCCCC
568.74,525.1720009,481.5995572,438.0226689,394.4413359,350.8555582,307.2653359,263.6706689,220.0715572,176.4680009,132.86,2.031,2.211344369,2.426661507,2.688216458,3.012694312,3.425905654,3.970013395,4.71891997,5.815057247,7.572792336,10.85,[C-]#[O+],CCCCCCCC
594.55,548.381,502.212,456.043,409.874,363.705,317.536,271.367,225.198,179.029,132.86,1.81,1.974512367,2.171919929,2.413185058,2.714749793,3.102448657,3.619332842,4.342879257,5.427998895,7.235998526,10.85,[C-]#[O+],CCCCCCCCC
617.7,591.0980396,561.1279911,527.266615,488.9706199,445.675693,396.7954732,341.7204635,279.8168792,210.4254253,132.86,1.64,1.859398245,2.126089526,2.454758016,2.86628589,3.391194514,4.075552405,4.991612847,6.258097959,8.081706476,10.85,[C-]#[O+],CCCCCCCCCC
425.125,402.5801611,378.9466642,354.2245092,328.4136963,301.5142253,273.5260963,244.4493092,214.2838642,183.0297611,150.687,3.922769613,4.178428368,4.480576398,4.842489725,5.283073716,5.830197024,6.52671367,7.442094438,8.696883375,10.5201921,13.40742965,[Ar],CCCC
304.1282,293.979425,284.8189528,276.3560799,268.287838,260.2983399,252.0580837,243.2232114,233.4347181,222.3176093,209.48,10.6249063,10.64706412,10.66929902,10.69161138,10.7140016,10.73647007,10.75901718,10.78164332,10.80434891,10.82713433,10.85,[Kr],O=C=O
305.322,302.5087253,299.8101339,297.2262258,294.7570009,292.4024592,290.1626009,288.0374258,286.0269339,284.1311253,282.35,6.856886685,6.91924282,6.98464053,7.053220729,7.125135135,7.20054724,7.279633378,7.362583935,7.449604684,7.540918287,7.63676598,C=C,CC
304.1282,299.6458703,295.6756539,292.2175507,289.2715608,286.8376842,284.9159208,283.5062707,282.6087339,282.2233103,282.35,10.6249063,10.2861872,9.945982139,9.609924137,9.282479116,8.967073947,8.666246776,8.381801467,8.114954533,7.866468074,7.63676598,C=C,O=C=O
460.35,445.8803444,430.9173967,415.3698968,399.1458595,382.1525676,364.2965642,345.4836455,325.6188535,304.6064682,282.35,3.271,3.495940255,3.747244799,4.029546576,4.348610563,4.711699951,5.12809405,5.609836651,6.172844021,6.838591651,7.63676598,C=C,CCC(C)C
469.659,454.7768598,439.2909936,423.1083776,406.1352488,388.277098,369.4386622,349.5239169,328.4360688,306.077548,282.35,3.25991,3.484800867,3.736135435,4.018576166,4.337928778,4.701513436,5.118690361,5.60162032,6.166392275,6.834743011,7.63676598,C=C,CCCCC
507.82,489.240704,469.9124459,449.7857914,428.8111092,406.9385699,384.118145,360.2996061,335.4325238,309.4662666,282.35,2.706,2.889986477,3.101530351,3.347320189,3.636399667,3.981304198,4.399926157,4.918718771,5.578511843,6.445813927,7.63676598,C=C,CCCCCC
540.2,520.2679739,499.4543882,477.6053362,454.5650836,430.1760414,404.278738,376.7117911,347.311879,315.9137115,282.35,2.33,2.512379397,2.723537983,2.970834188,3.264367851,3.618387958,4.053667126,4.601717513,5.312761463,6.272038298,7.63676598,C=C,CCCCCCC
568.74,548.2243685,526.6932731,503.8614924,479.4377593,453.1246006,424.61817,393.6080774,359.777211,322.8015549,282.35,2.031,2.208442743,2.415419085,2.659818388,2.952606364,3.309485927,3.753764219,4.321588505,5.072199083,6.109873598,7.63676598,C=C,CCCCCCCC
594.55,572.778919,549.9083734,525.5800782,499.4265061,471.0705867,440.1253955,406.1938291,368.868269,327.7302309,282.35,1.81,1.980444491,2.18061133,2.418755674,2.706482049,3.0606328,3.506616421,4.084642949,4.862333417,5.962866135,7.63676598,C=C,CCCCCCCCC
617.7,594.6399813,570.6166485,545.1486341,517.7381398,487.8702303,455.0120889,418.6122348,378.0996985,332.8831534,282.35,1.64,1.803305487,1.996211364,2.227214513,2.50837594,2.857404518,3.301395616,3.883991683,4.680276567,5.831287301,7.63676598,C=C,CCCCCCCCCC
304.1282,298.2712354,293.9797592,291.1664495,289.7430246,289.6202303,290.7078258,292.9145705,296.1482098,300.3154612,305.322,10.6249063,10.03950167,9.51982095,9.056042587,8.64022404,8.265875395,7.927644166,7.621078892,7.34244949,7.088609101,6.856886685,CC,O=C=O
373.1,359.6762741,347.9188773,337.7577393,329.1222387,321.9411975,316.1428758,311.654966,308.4045873,306.3182801,305.322,10.19,9.663002564,9.206109669,8.804637903,8.447428417,8.12584423,7.833096153,7.56377881,7.313544586,7.078870199,6.856886685,CC,S
369.89,363.8589064,357.8158673,351.7300517,345.5705347,339.3062974,332.9062261,326.3391124,319.5736524,312.5784467,305.322,5,5.145034891,5.296614576,5.455439746,5.622317117,5.798177968,5.984100734,6.181338774,6.391354753,6.615863604,6.856886685,CC,CCC
407.81,399.0089741,389.8862205,380.4417395,370.6755308,360.5875946,350.1779308,339.4465395,328.3934205,317.0185741,305.322,3.879756788,4.067670064,4.271806451,4.494297585,4.737663417,5.004904754,5.299623584,5.626181424,5.989910498,6.397399511,6.856886685,CC,CC(C)C
425.125,414.4666665,403.5352923,392.3231131,380.8223596,369.0252566,356.924024,344.5108759,331.7780212,318.7176632,305.322,3.922769613,4.110177737,4.313234994,4.5339928,4.774880352,5.03879589,5.329225746,5.650401594,6.007510999,6.406983605,6.856886685,CC,CCCC
460.35,444.8472,429.3444,413.8415999,398.3387999,382.8359999,367.3331999,351.8303999,336.3276,320.8248,305.322,3.271,3.451386016,3.652857165,3.879339844,4.135799852,4.428610694,4.766090459,5.159304682,5.62330279,6.179088314,6.856886685,CC,CCC(C)C
469.659,456.1068787,441.9482587,427.1704688,411.7608244,395.7066277,378.9951675,361.6137192,343.5495449,324.7898934,305.322,3.25991,3.451755304,3.663566119,3.899002351,4.162702774,4.460632056,4.800586296,5.192948543,5.651851591,6.197029569,6.856886685,CC,CCCCC
508.1,484.134469,460.8716546,438.3556384,416.6303356,395.739496,375.7267047,356.6353827,338.5087879,321.3900157,305.322,4.7,4.8615652,5.032504381,5.213617249,5.405795869,5.610038346,5.827465002,6.059337609,6.307082369,6.572317519,6.856886685,CC,CC(C)=O
513.38,489.6034937,467.0640113,445.5522085,424.8548627,404.7547832,385.0307178,365.4572581,345.8047408,325.8391473,305.322,8.78517,8.553559304,8.332013218,8.119912137,7.916685863,7.721808782,7.534795601,7.355197567,7.182599097,7.016614777,6.856886685,CC,CO
507.82,491.7979067,474.836323,456.935249,438.0946845,418.3146297,397.5950845,375.936049,353.337523,329.7995067,305.322,2.706,2.845294893,3.008290263,3.200808274,3.430808488,3.709461241,4.052940946,4.485573374,5.045701174,5.797466959,6.856886685,CC,CCCCCC
540.2,523.5517001,505.3835113,485.6954336,464.4874669,441.7596114,417.5118669,391.7442336,364.4567113,335.6493001,305.322,2.33,2.505738074,2.707269151,2.940655448,3.214018158,3.538492594,3.929769416,4.410689267,5.015838839,5.800215195,6.856886685,CC,CCCCCCC
647.096,607.2094401,568.5915825,531.242427,495.1619737,460.3502226,426.8071737,394.532827,363.5271825,333.7902401,305.322,17.873728,15.70678307,13.95327074,12.50764399,11.29729907,10.27066733,9.39012267,8.627576384,7.961642013,7.375754153,6.856886685,CC,O
568.74,550.2668566,530.5344951,509.3635001,486.5721592,461.9764253,435.3898791,406.6236912,375.4865826,341.784785,305.322,2.031,2.1950328,2.386015887,2.610775963,2.878633932,3.202653791,3.601724727,4.104205937,4.754697978,5.627591054,6.856886685,CC,CCCCCCCC
594.55,565.6272,536.7044,507.7816,478.8588,449.936,421.0132,392.0904,363.1676,334.2448,305.322,1.81,1.953717472,2.12224962,2.322630564,2.564830427,2.863465632,3.24086243,3.732912509,4.40122129,5.361159637,6.856886685,CC,CCCCCCCCC
617.7,597.8302983,576.4078461,553.0824868,527.4958473,499.2810953,468.062689,433.4561162,395.0676253,352.493946,305.322,1.64,1.787974984,1.961434246,2.167614321,2.416788643,2.724047847,3.112498769,3.619403077,4.308976987,5.3021465,6.856886685,CC,CCCCCCCCCC
373.1,362.1166425,351.7166302,342.0244523,333.1630088,325.2536355,318.4161296,312.7687732,308.4283577,305.5102068,304.1282,10.19,10.33219961,10.39698289,10.40025633,10.36206777,10.304821,10.25211973,10.22855544,10.26066519,10.37939992,10.6249063,O=C=O,S
364.211,354.5282806,345.7223262,337.7706481,330.6507037,324.3398958,318.8155733,314.0550304,310.0355066,306.7341866,304.1282,5.457,5.694523507,5.995940078,6.36331905,6.799228229,7.305523809,7.881621435,8.522004521,9.212838556,9.927914861,10.6249063,O=C=O,C=CC
369.89,358.9762759,348.351071,338.2795304,329.0197409,320.822964,313.9338609,308.5907067,305.0255984,303.4646531,304.1282,5,5.280811232,5.593802582,5.945218551,6.343031755,6.797583383,7.322531306,7.936293293,8.664315709,9.542776657,10.6249063,O=C=O,CCC
367.85,362.0195538,355.6992901,349.0310373,342.154705,335.208316,328.3280383,321.648216,315.3013998,309.4183769,304.1282,4.17,4.471305629,4.811346725,5.197796037,5.640476734,6.152170932,6.749822527,7.456378482,8.303702295,9.337366274,10.6249063,O=C=O,C=C(F)C(F)(F)F
382.513,375.6825878,368.6281605,361.3497181,353.8472607,346.1207883,338.1703007,329.9957981,321.5972805,312.9747478,304.1282,4.29,4.601093723,4.950669137,5.345877232,5.795722133,6.311699192,6.908715741,7.606452149,8.431429987,9.420256364,10.6249063,O=C=O,FC=CC(F)(F)F
407.81,393.4126157,379.4112202,365.9991889,353.366312,341.6988775,331.1797513,321.9884556,314.3012448,308.2911799,304.1282,3.879756788,4.111135988,4.397447964,4.747941807,5.174945127,5.694591497,6.327735375,7.100978006,8.047551671,9.207399103,10.6249063,O=C=O,CC(C)C
425.125,407.2400285,390.2533425,374.3138805,359.5684281,346.1616564,334.23616,323.9324941,315.3892111,308.7428957,304.1282,3.922769613,4.038395978,4.240005242,4.529568928,4.916197047,5.415661672,6.050683175,6.851352646,7.854701849,9.101344719,10.6249063,O=C=O,CCCC
469.659,451.5062139,433.0540534,414.5573491,396.2654722,378.4224802,361.2672572,345.0336509,329.950604,316.2422827,304.1282,3.25991,3.512425534,3.809235515,4.161041515,4.58224704,5.092656437,5.720195853,6.505448661,7.509585456,8.829061091,10.6249063,O=C=O,CCCCC
508.1,487.1381854,466.8582234,447.057801,427.5310829,408.0686352,388.4573458,368.4803436,347.9169153,326.5424197,304.1282,4.7,4.937070752,5.209247142,5.524338385,5.892691074,6.328308058,6.850616871,7.487374808,8.279665163,9.2909802,10.6249063,O=C=O,CC(C)=O
513.38,490.8393188,468.7599399,447.1037151,425.8323737,404.9075224,384.2906447,363.9431004,343.8261251,323.9008298,304.1282,8.78517,8.570433668,8.457208472,8.431752615,8.48650301,8.61859288,8.829154773,9.123179372,9.509858495,10.00345938,10.6249063,O=C=O,CO
507.82,487.849818,467.7909698,447.6434554,427.4072747,407.0824278,386.6689147,366.1667354,345.5758898,324.896378,304.1282,2.706,3.019766582,3.387925895,3.822740908,4.339691602,4.958301177,5.703043019,6.604141343,7.697788616,9.024710022,10.6249063,O=C=O,CCCCCC
553.6,525.3155113,497.7726468,470.9714064,444.9117902,419.5937981,395.0174302,371.1826864,348.0895668,325.7380713,304.1282,3.224,3.450134458,3.750115561,4.135103072,4.620960701,5.228052271,5.980082839,6.900322584,8.002182517,9.26968961,10.6249063,O=C=O,C1CCCCC1
557,532.4916746,508.7254868,485.3741347,462.1015915,438.5628132,414.4034338,389.2594485,362.7568836,334.5114529,304.1282,4,4.311724051,4.664091339,5.064964807,5.524315571,6.054972431,6.673714341,7.402903759,8.273001047,9.326568581,10.6249063,O=C=O,COC(=O)OC
540.2,517.648804,494.5391519,470.9944708,447.1370258,423.0879342,398.9671787,374.8936207,350.9850134,327.3580148,304.1282,2.33,2.487532642,2.706559379,2.998665854,3.382561221,3.88658121,4.552957211,5.444555194,6.654779659,8.319817366,10.6249063,O=C=O,CCCCCCC
591.75,560.5521538,529.8955667,499.7802388,470.2061701,441.1733605,412.6818101,384.7315188,357.3224867,330.4547138,304.1282,3.169,3.386387452,3.649991621,3.970827069,4.364133082,4.851403609,5.463735452,6.247593036,7.275275658,8.665225824,10.6249063,O=C=O,Cc1ccccc1
568.74,546.0479323,521.6467798,495.8768984,469.0706322,441.5525489,413.6396651,385.6416651,357.8611116,330.5936489,304.1282,2.031,2.228982562,2.467218927,2.75798217,3.118991045,3.576763946,4.172789285,4.975715626,6.107734145,7.809052281,10.6249063,O=C=O,CCCCCCCC
594.55,572.4707608,548.6038783,523.040443,495.8709864,467.1854853,437.0733659,405.6235083,372.9242505,339.0633923,304.1282,1.81,2.024722851,2.282387507,2.595952902,2.98394628,3.473757416,4.107566748,4.953734184,6.130566301,7.861598874,10.6249063,O=C=O,CCCCCCCCC
617.7,594.1704214,568.2535803,540.1991973,510.2530163,478.6568826,445.6488208,411.4631092,376.3303537,340.4775593,304.1282,1.64,1.80591787,2.005208231,2.248928785,2.5536217,2.945194689,3.466641095,4.194903888,5.282626653,7.081616154,10.6249063,O=C=O,CCCCCCCCCC
658.1,637.4064788,613.4454778,586.2169971,555.7210367,521.9575966,484.9266767,444.6282771,401.0623978,354.2290388,304.1282,1.33,1.499055668,1.704972988,1.960098412,2.28277479,2.701430501,3.262524397,4.047370805,5.212057163,7.098357727,10.6249063,O=C=O,CCCCCCCCCCCC
369.89,364.2749956,359.8168857,356.5771386,354.6168556,353.9967734,354.7772673,357.0183535,360.779692,366.1205891,373.1,5,5.252595676,5.556268039,5.915213224,6.334130173,6.817653233,7.369418308,7.990564466,8.677453718,9.418464271,10.19,S,CCC
407.81,401.2182512,394.6948842,388.4828646,382.8201228,377.9396832,374.0697903,371.4340303,370.25145,370.7366708,373.1,3.879756788,4.186353905,4.529496682,4.916167514,5.355377268,5.858971735,6.44285339,7.128890594,7.948011216,8.945435757,10.19,S,CC(C)C
425.125,415.2287971,406.0352739,397.6746079,390.2754999,383.9651955,378.8695054,375.1128256,372.818157,372.1071253,373.1,3.922769613,4.15950928,4.455341892,4.818288496,5.258667145,5.788943652,6.423156502,7.175404608,8.056540385,9.067801334,10.19,S,CCCC
460.35,449.9186796,439.8665415,430.1935857,420.8998123,411.9852211,403.4498123,395.2935857,387.5165415,380.1186796,373.1,3.271,3.621865483,4.024903689,4.488855773,5.023532134,5.639497605,6.347319155,7.156079072,8.070747369,9.087965549,10.19,S,CCC(C)C
469.659,458.6730323,446.9324849,434.8528443,422.8366284,411.2738884,400.5426877,391.0095593,383.0299414,376.9485947,373.1,3.25991,3.504157898,3.789182604,4.124813432,4.524292136,5.005871954,5.595406498,6.330724399,7.269411577,8.503556988,10.19,S,CCCCC
507.82,490.8275083,474.2313151,458.179079,442.816775,428.2887191,414.7375915,402.3044598,391.1288016,381.3485268,373.1,2.706,2.768952313,2.928487051,3.181239137,3.537494615,4.019478511,4.662856578,5.520136947,6.664485747,8.189379099,10.19,S,CCCCCC
540.2,523.9198684,507.2152157,490.2113448,473.0324411,455.801585,438.6407638,421.6708842,405.0117841,388.7822442,373.1,2.33,2.504070185,2.739533366,3.048606793,3.449974456,3.970729285,4.649190003,5.538213363,6.707210679,8.236850712,10.19,S,CCCCCCC
647.096,611.0682568,576.9578788,544.764866,514.4892183,486.1309357,459.6900183,435.166466,412.5602788,391.8714568,373.1,17.873728,16.66286248,15.59736915,14.65264325,13.80933465,13.05201621,12.36823762,11.74784042,11.18245389,10.66511839,10.19,S,O
594.55,577.4318837,559.1966822,539.8443953,519.3750232,497.7885659,475.0850232,451.2643953,426.3266822,400.2718837,373.1,1.81,2.000759903,2.228446423,2.504475138,2.845464182,3.276573511,3.83779399,4.596751091,5.677538637,7.33517023,10.19,S,CCCCCCCCC
617.7,601.5311585,582.5590977,561.1580016,537.693846,512.5246226,486.0005551,458.4643094,430.2511956,401.6893651,373.1,1.64,1.801016163,1.996304294,2.23704014,2.539803894,2.930269665,3.450390897,4.173669061,5.241558277,6.965367697,10.19,S,CCCCCCCCCC
658.1,645.0723776,628.6064491,608.7022145,585.3596737,558.5788268,528.3596737,494.7022145,457.6064491,417.0723776,373.1,1.33,1.49715799,1.700356352,1.951527176,2.268325972,2.677981022,3.224715347,3.985310241,5.105545637,6.899560781,10.19,S,CCCCCCCCCCCC
407.81,404.1900045,400.5813641,396.9655388,393.3239589,389.6380251,385.8891087,382.0585511,378.1276641,374.0777297,369.89,3.879756788,3.971778705,4.067365179,4.166786136,4.270340623,4.378360648,4.491215629,4.609317588,4.733127229,4.86316109,5,CCC,CC(C)C
425.125,419.9741345,414.7325261,409.4031517,403.9889877,398.4930097,392.9181923,387.2675097,381.5439352,375.7504413,369.89,3.922769613,4.010324528,4.101552893,4.196708672,4.296069943,4.399941818,4.508659788,4.622593591,4.742151675,4.867786384,5,CCC,CCCC
460.35,450.765411,441.4490685,432.3457023,423.3997925,414.5555682,405.7570062,396.9478294,388.0715053,379.0712446,369.89,3.271,3.379741885,3.506150529,3.649915625,3.810478674,3.986813373,4.177160055,4.378714995,4.58729162,4.79699668,5,CCC,CCC(C)C
469.659,459.5596752,449.5818283,439.690281,429.8497565,420.0248782,410.1801698,400.280055,390.288857,380.1707983,369.89,3.25991,3.356650761,3.473348785,3.609693739,3.765285946,3.939403893,4.130722257,4.336970763,4.554538285,4.778051871,5,CCC,CCCCC
513.38,491.3927781,471.3071629,453.0474286,436.5373641,421.7002681,408.4589459,396.7357052,386.4523521,377.5301869,369.89,8.78517,8.215502977,7.705647577,7.246915056,6.832210893,6.455685775,6.112474394,5.798497309,5.510308811,5.244978777,5,CCC,CO
507.82,495.047116,482.0475395,468.8212706,455.3683092,441.6886555,427.7823092,413.6492706,399.2895395,384.703116,369.89,2.706,2.825494505,2.958607409,3.10772619,3.275833794,3.466706503,3.685196337,3.937643324,4.23249313,4.581250174,5,CCC,CCCCCC
514.71,499.9948503,484.8792279,469.536532,454.1379532,438.8525083,423.8470748,409.2864246,395.3332571,382.1482318,369.89,5.93,5.810632152,5.723338778,5.655413993,5.596246088,5.536661244,5.468675946,5.385521915,5.281838635,5.153932429,5,CCC,CCO
540.2,525.7486331,510.7240144,495.1261439,478.9550217,462.2106476,444.8930217,427.0021439,408.5380144,389.5006331,369.89,2.33,2.451146085,2.588118264,2.744157197,2.923455764,3.13153642,3.375823461,3.666538704,4.018156,4.45186857,5,CCC,CCCCCCC
647.096,580.7144473,522.9242174,473.7253103,433.1177261,401.1014647,377.6765261,362.8429103,356.6006174,358.9496473,369.89,17.873728,14.72326851,12.43283931,10.69685928,9.33886416,8.249858044,7.358904288,6.617863482,5.992928538,5.459669458,5,CCC,O
568.74,552.196079,534.909696,516.880851,498.1095441,478.5957751,458.3395441,437.340851,415.599696,393.116079,369.89,2.031,2.14941762,2.284945313,2.441507016,2.624328351,2.840525077,3.100042522,3.417217149,3.813500588,4.322498723,5,CCC,CCCCCCCC
594.55,578.9792527,561.876227,543.2409229,523.0733405,501.3734796,478.1413405,453.3769229,427.080227,399.2512527,369.89,1.81,1.906791421,2.021037288,2.157270048,2.321794053,2.523638877,2.776203175,3.100252699,3.52978081,4.124523324,5,CCC,CCCCCCCCC
617.7,601.0413295,583.0828663,563.6390677,542.5222042,519.5423272,494.5072359,467.222444,437.4911458,405.114181,369.89,1.64,1.77084735,1.919601754,2.090590771,2.289722338,2.525272627,2.809195264,3.15940448,3.603997491,4.189655302,5,CCC,CCCCCCCCCC
553.6,530.002109,505.3767738,481.0078381,458.0726619,437.6529373,420.7442117,408.2642963,401.0607082,399.9172735,405.56,3.224,3.432083827,3.683628718,3.992278943,4.378200394,4.872487401,5.525704141,6.425924632,7.741397989,9.838604403,13.696,N,C1CCCCC1
513.38,500.6000009,488.0247891,475.7011673,463.6757762,451.9950962,440.7054473,429.8529902,419.4837269,409.6435013,400.378,8.78517,8.280423759,7.850831929,7.482061778,7.163290074,6.886198306,6.644295211,6.432448731,6.246555686,6.083304201,5.94,COC,CO
514.71,506.380504,497.2085249,487.2517547,476.5676539,465.2134524,453.246151,440.7225222,427.6991117,414.2322393,400.378,5.93,5.796902442,5.697646694,5.629062587,5.589053687,5.576431957,5.59082789,5.632663135,5.703181761,5.804544547,5.94,COC,CCO
557,538.4259007,520.4988902,503.2189683,486.5861352,470.6003909,455.2617352,440.5701683,426.5256902,413.1283007,400.378,4,4.14332369,4.295319187,4.456758651,4.628507419,4.811538454,5.00694954,5.215983901,5.440055023,5.680776753,5.94,COC,COC(=O)OC
425.125,423.480032,421.8179038,420.1378396,418.4390635,416.7207995,414.9822716,413.2227038,411.44132,409.6373442,407.81,3.922769613,3.918637956,3.914246829,3.909680595,3.905022961,3.90035693,3.895764775,3.891328059,3.887127685,3.883243975,3.879756788,CC(C)C,CCCC
460.35,455.0959594,449.8419279,444.5879053,439.3338918,434.0798873,428.8258918,423.5719053,418.3179279,413.0639594,407.81,3.271,3.323221332,3.377118946,3.432774862,3.490276536,3.549717327,3.611196995,3.674822262,3.740707432,3.808975075,3.879756788,CC(C)C,CCC(C)C
469.659,463.4742953,457.2895471,451.1047556,444.9199207,438.7350424,432.5501207,426.3651556,420.1801471,413.9950953,407.81,3.25991,3.312694892,3.36725002,3.423665925,3.482039429,3.54247419,3.605081318,3.669980051,3.737298519,3.807174585,3.879756788,CC(C)C,CCCCC
507.82,497.8189227,487.8178626,477.8168197,467.8157939,457.8147854,447.8137939,437.8128197,427.8118626,417.8109227,407.81,2.706,2.790549228,2.880521658,2.976456349,3.078966252,3.188751318,3.306614501,3.433481431,3.570424771,3.718694622,3.879756788,CC(C)C,CCCCCC
540.2,526.960126,513.7204462,500.4809606,487.2416692,474.0025721,460.7636692,447.5249606,434.2864462,421.048126,407.81,2.33,2.426905949,2.532231524,2.647123858,2.772948392,2.911343391,3.064291674,3.234216218,3.424109474,3.637711114,3.879756788,CC(C)C,CCCCCCC
647.096,620.6926536,594.8392509,569.5357918,544.7822763,520.5787045,496.9250763,473.8213918,451.2676509,429.2638536,407.81,17.873728,13.94830017,11.30913355,9.421485229,8.010115495,6.919007196,6.053189597,5.351588419,4.773175121,4.289389934,3.879756788,CC(C)C,O
568.74,552.6542682,536.5669212,520.477959,504.3873818,488.2951893,472.2013818,456.105959,440.0089212,423.9102682,407.81,2.031,2.133166842,2.246022691,2.371337366,2.511294219,2.668618418,2.846756128,3.050129842,3.284510495,3.557573797,3.879756788,CC(C)C,CCCCCCCC
594.55,575.8758558,557.2017436,538.5276635,519.8536154,501.1795994,482.5056154,463.8316635,445.1577436,426.4838558,407.81,1.81,1.912160489,2.026503259,2.155345488,2.3016318,2.469162061,2.662926186,2.889609587,3.158380167,3.482158496,3.879756788,CC(C)C,CCCCCCCCC
617.7,596.7108378,575.7217117,554.7326216,533.7435676,512.7545496,491.7655676,470.7766216,449.7877117,428.7988378,407.81,1.64,1.740633851,1.854385599,1.983998982,2.133040254,2.306231378,2.509959458,2.753081688,3.048247235,3.414169759,3.879756788,CC(C)C,CCCCCCCCCC
460.35,456.8275,453.305,449.7825001,446.2600001,442.7375001,439.2150001,435.6925001,432.17,428.6475,425.125,3.271,3.326277831,3.383453385,3.442626096,3.503902464,3.567396701,3.633231438,3.701538515,3.772459868,3.846148504,3.922769613,CCCC,CCC(C)C
469.659,465.2782108,460.8812859,456.4682253,452.0390289,447.5936967,443.1322289,438.6546253,434.1608859,429.6510108,425.125,3.25991,3.307480024,3.358391634,3.412891018,3.471253136,3.533785806,3.600834513,3.672788117,3.750085636,3.83322436,3.922769613,CCCC,CCCCC
513.38,495.5608279,478.7440252,463.3224499,449.6774629,438.1793455,429.187699,423.0518267,420.1111002,420.6953097,425.125,8.78517,7.920704186,7.191693116,6.569355611,6.032481856,5.565100516,5.154958062,4.792498533,4.470161608,4.181888868,3.922769613,CCCC,CO
507.82,499.9858473,492.0549508,484.0273104,475.9029261,467.6817981,459.3639261,450.9493104,442.4379508,433.8298473,425.125,2.706,2.78246063,2.86575241,2.956722973,3.056370625,3.165879137,3.286662653,3.420424339,3.569233923,3.735631628,3.922769613,CCCC,CCCCCC
540.2,529.9088831,519.3474589,508.5157273,497.4136883,486.041342,474.3986883,462.4857273,450.3024589,437.8488831,425.125,2.33,2.429791315,2.538226198,2.65647731,2.785939478,2.928284922,3.085535818,3.260160908,3.455205961,3.674472835,3.922769613,CCCC,CCCCCCC
647.096,586.509186,534.4534195,490.9287007,455.9350293,429.4724055,411.5408293,402.1403007,401.2708195,408.932386,425.125,17.873728,13.02295503,10.26508648,8.486201798,7.243764983,6.327038803,5.622888518,5.065140109,4.612505131,4.237887872,3.922769613,CCCC,O
568.74,556.376447,543.5689059,530.3173764,516.6218588,502.4823529,487.8988588,472.8713764,457.3999059,441.484447,425.125,2.031,2.130636561,2.241356473,2.365108632,2.50432744,2.662094036,2.842366338,3.050314804,3.292825271,3.579274684,3.922769613,CCCC,CCCCCCCC
594.55,577.6075,560.6649999,543.7224999,526.7799999,509.8374999,492.8949999,475.9524999,459.0099999,442.0675,425.125,1.81,1.913056793,2.028552102,2.158882467,2.307102339,2.477166482,2.67428808,2.905482534,3.180419929,3.512811933,3.922769613,CCCC,CCCCCCCCC
617.7,603.3792459,588.1829949,572.0288975,554.8341874,536.5156794,516.9897662,496.172416,473.9791698,450.3251383,425.125,1.64,1.75335197,1.878304733,2.017294607,2.173590676,2.351657512,2.557721096,2.800686178,3.093691533,3.456891805,3.922769613,CCCC,CCCCCCCCCC
469.659,468.7281366,467.7972651,466.8663854,465.9354976,465.0046017,464.0736976,463.1427854,462.2118651,461.2809366,460.35,3.25991,3.261001914,3.262097606,3.263197083,3.264300353,3.265407422,3.266518297,3.267632985,3.268751494,3.26987383,3.271,CCC(C)C,CCCCC
507.82,503.073,498.3260001,493.5790001,488.8320001,484.0850001,479.3380001,474.5910001,469.8440001,465.097,460.35,2.706,2.753561641,2.802825267,2.853883899,2.906837464,2.961793446,3.018867615,3.078184841,3.139880005,3.204099023,3.271,CCC(C)C,CCCCCC
540.2,532.2145346,524.2291726,516.243914,508.2587589,500.2737071,492.2887589,484.303914,476.3191726,468.3345346,460.35,2.33,2.39887941,2.471987236,2.549725154,2.632547374,2.72096953,2.815579419,2.917050083,3.026155847,3.143792116,3.271,CCC(C)C,CCCCCCC
647.096,626.9941063,607.209389,587.7418481,568.5914835,549.7582953,531.2422835,513.0434481,495.161789,477.5973063,460.35,17.873728,13.35466048,10.50909397,8.563520547,7.15633197,6.096013016,5.271754616,4.615059063,4.081349408,3.640396912,3.271,CCC(C)C,O
568.74,557.9059836,547.0708597,536.2346284,525.3972896,514.5588433,503.7192896,492.8786284,482.0368597,471.1939836,460.35,2.031,2.11133039,2.198203771,2.292453384,2.395060227,2.507187319,2.630223981,2.765843683,2.91608061,3.08343238,3.271,CCC(C)C,CCCCCCCC
594.55,581.13,567.71,554.29,540.87,527.45,514.03,500.61,487.19,473.77,460.35,1.81,1.894623828,1.987548677,2.090058954,2.203718455,2.330450699,2.47264868,2.633327403,2.816340025,3.026690865,3.271,CCC(C)C,CCCCCCCCC
617.7,601.965,586.23,570.495,554.76,539.025,523.29,507.555,491.82,476.085,460.35,1.64,1.726065832,1.821665308,1.928475393,2.04859085,2.184663001,2.340097714,2.519344386,2.728328756,2.975120626,3.271,CCC(C)C,CCCCCCCCCC
507.82,504.0037501,500.1875336,496.3713503,492.5552004,488.7390837,484.9230004,481.1069503,477.2909336,473.4749501,469.659,2.706,2.752961425,2.801538482,2.851815944,2.903884626,2.957841923,3.013792421,3.071848575,3.132131462,3.194771621,3.25991,CCCCC,CCCCCC
540.2,533.1452121,526.0905771,519.0360949,511.9817656,504.9275892,497.8735656,490.8196949,483.7659771,476.7124121,469.659,2.33,2.398569817,2.471261699,2.548458833,2.630593419,2.718154766,2.811699046,2.911861122,3.019368969,3.135061402,3.25991,CCCCC,CCCCCCC
647.096,573.2667797,511.9010084,462.9986861,426.5598126,402.5843882,391.0724126,392.0238861,405.4388084,431.3171797,469.659,17.873728,13.55062153,10.72343681,8.747602759,7.299941516,6.200981997,5.343330965,4.658950978,4.102748852,3.643724342,3.25991,CCCCC,O
568.74,559.9332592,550.8817719,541.5855381,532.0445578,522.2588311,512.2283578,501.9531381,491.4331719,480.6684592,469.659,2.031,2.094753863,2.166362913,2.247046337,2.338308964,2.442028273,2.560575466,2.696987216,2.855214677,3.040493562,3.25991,CCCCC,CCCCCCCC
594.55,591.2362274,585.8834932,578.4917973,569.0611397,557.5915206,544.0829397,528.5353973,510.9488932,491.3234274,469.659,1.81,1.89256721,1.983437871,2.083927919,2.19564689,2.320584646,2.461230755,2.620741866,2.80318118,3.01386906,3.25991,CCCCC,CCCCCCCCC
617.7,606.7387425,594.9235201,582.2543326,568.7311801,554.3540626,539.1229801,523.0379326,506.0989201,488.3059425,469.659,1.64,1.731120923,1.831623403,1.943006997,2.067107936,2.2061992,2.363128527,2.541512294,2.746013553,2.982750155,3.25991,CCCCC,CCCCCCCCCC
553.6,542.6137758,533.0578236,524.9321435,518.2367355,512.9715994,509.1367355,506.7321435,505.7578236,506.2137758,508.1,3.224,3.339651767,3.461243936,3.589158241,3.723804191,3.865621074,4.015080061,4.172686388,4.338981597,4.514545811,4.7,CC(C)=O,C1CCCCC1
591.75,557.0342659,529.6290811,509.0696569,494.8715263,486.529491,483.5165004,485.2824578,491.252946,500.8278689,513.38,3.169,3.345884847,3.553450981,3.799639322,4.095448444,4.456557099,4.906103288,5.47971125,6.235218133,7.273172283,8.78517,CO,Cc1ccccc1
617.7,619.4356587,614.5775142,604.776622,591.5619291,576.3513579,560.4617043,545.1174947,531.458929,520.5490167,513.38,1.64,1.83150701,2.060205129,2.336850408,2.676573558,3.101300858,3.643964038,4.356249852,5.323911709,6.699892312,8.78517,CO,CCCCCCCCCC
719,703.8965033,687.819851,670.6808321,652.3898206,632.8567736,611.9912286,589.7023012,565.8986827,540.4886373,513.38,5.88,6.176669264,6.506114836,6.862497213,7.236667901,7.615157059,7.97944725,8.305969156,8.567350403,8.735319501,8.78517,CO,OCCO
562.02,555.6108989,549.4215981,543.4520975,537.7023971,532.172497,526.8623971,521.7720975,516.9015981,512.2508989,507.82,3.901,3.745462503,3.599906662,3.463439819,3.335271474,3.214699132,3.101096426,2.99390312,2.892616637,2.796784864,2.706,CCCCCC,c1ccccc1
553.6,549.1239825,544.6253022,540.1039591,535.5599533,530.9932847,526.4039533,521.7919591,517.1573022,512.4999825,507.82,3.224,3.166288445,3.109996063,3.055081063,3.001502974,2.949222607,2.898202013,2.848404457,2.799794372,2.752337329,2.706,CCCCCC,C1CCCCC1
557,545.9007785,536.1751618,527.8231499,520.8447427,515.2399404,511.0087427,508.1511499,506.6671618,506.5567785,507.82,4,3.827662526,3.667471705,3.518227137,3.378880354,3.248511567,3.126310555,3.011560857,2.903626626,2.801941628,2.706,CCCCCC,COC(=O)OC
540.2,536.8946064,533.6041892,530.3287483,527.0682837,523.8227956,520.5922837,517.3767483,514.1761892,510.9906064,507.82,2.33,2.362974316,2.39686272,2.431703708,2.467537967,2.504408537,2.542360979,2.581443565,2.621707483,2.663207059,2.706,CCCCCC,CCCCCCC
647.096,588.007878,538.9554275,499.9386486,470.9575412,452.0121054,443.1023412,444.2282486,455.3898275,476.587078,507.82,17.873728,11.89537421,8.857006891,7.01931525,5.788928785,4.908133577,4.246938156,3.732673621,3.321534946,2.985545344,2.706,CCCCCC,O
591.75,581.8842214,572.3457269,563.1345166,554.2505904,545.6939484,537.4645904,529.5625166,521.9877269,514.7402214,507.82,3.169,3.116931825,3.066279839,3.016989136,2.969007586,2.922285662,2.876776281,2.832434654,2.789218148,2.747086161,2.706,CCCCCC,Cc1ccccc1
568.74,562.6508068,556.5609899,550.4705492,544.3794848,538.2877967,532.1954848,526.1025492,520.0089899,513.9148068,507.82,2.031,2.083153054,2.138009578,2.195785317,2.2567196,2.321078653,2.389159485,2.461294472,2.537856783,2.619266831,2.706,CCCCCC,CCCCCCCC
594.55,591.0458346,586.3930393,580.591614,573.6415589,565.5428739,556.2955589,545.899614,534.3550393,521.6618346,507.82,1.81,1.869884825,1.934366505,2.003989385,2.07938738,2.161303179,2.250612624,2.348355948,2.455778242,2.574382493,2.706,CCCCCC,CCCCCCCCC
617.7,608.9496931,599.7889403,590.1852918,580.1062368,569.5192029,558.3915563,546.6906011,534.3835801,521.4376736,507.82,1.64,1.708782204,1.783366852,1.864457784,1.952875788,2.0495837,2.155718243,2.27263081,2.401940257,2.545602052,2.706,CCCCCC,CCCCCCCCCC
658.1,644.2345524,630.4499527,616.6206078,602.6200176,588.3207674,573.594519,558.3120028,542.3430093,525.5563802,507.82,1.33,1.401949076,1.481955043,1.571450898,1.672230879,1.786571957,1.917407889,2.068584432,2.245243589,2.454420003,2.706,CCCCCC,CCCCCCCCCCCC
562.02,548.1138307,536.8270724,527.9477358,521.2606522,516.5474132,513.5863096,512.1522693,512.0167925,512.9478868,514.71,3.901,4.068253487,4.242707606,4.424612435,4.614226102,4.811817013,5.017666834,5.232074338,5.45536034,5.687873892,5.93,CCO,c1ccccc1
591.75,572.9901239,557.2426286,544.3043598,533.9692747,526.0283898,520.2697288,516.4782686,514.4358846,513.9212943,514.71,3.169,3.33896874,3.5244148,3.727433767,3.950511118,4.196616875,4.469329199,4.772997799,5.112962969,5.495853662,5.93,CCO,Cc1ccccc1
719,698.9434605,678.804152,658.5820745,638.277228,617.8896125,597.419228,576.8660745,556.230152,535.5114605,514.71,5.88,5.982087117,6.065144486,6.127435267,6.16760881,6.18477189,6.17853756,6.149046747,6.096960353,6.023422698,5.93,CCO,OCCO
553.6,553.7664406,554.0830054,554.5496946,555.1665082,555.933446,556.8505082,557.9176946,559.1350054,560.5024406,562.02,3.224,3.282595589,3.342978529,3.40522821,3.469428733,3.535669273,3.604044457,3.674654794,3.747607132,3.823015168,3.901,c1ccccc1,C1CCCCC1
540.2,541.0732153,542.2372717,543.6921691,545.4379075,547.474487,549.8019075,552.4201691,555.3292717,558.5292153,562.02,2.33,2.433128394,2.544503041,2.665130535,2.796187582,2.939058492,3.095383051,3.267118276,3.45661899,3.666744268,3.901,c1ccccc1,CCCCCCC
591.75,588.742521,585.7427039,582.7505489,579.7660559,576.7892249,573.8200559,570.8585489,567.9047039,564.958521,562.02,3.169,3.229385558,3.292167012,3.357489781,3.425511291,3.496402249,3.570348067,3.647550483,3.728229399,3.812624972,3.901,c1ccccc1,Cc1ccccc1
568.74,567.4556032,566.3072946,565.2950742,564.418942,563.6788979,563.074942,562.6070742,562.2752946,562.0796032,562.02,2.031,2.138970561,2.257647181,2.388678823,2.534070656,2.696285701,2.878383393,3.084211702,3.318678623,3.588144142,3.901,c1ccccc1,CCCCCCCC
594.55,591.6734276,588.5264584,585.1796144,581.7031351,578.166978,574.6408203,571.1940605,567.8958197,564.8149428,562.02,1.81,1.924936651,2.052296997,2.194088763,2.352768972,2.531376368,2.733713546,2.964601965,3.230246324,3.53876718,3.901,c1ccccc1,CCCCCCCCC
617.7,618.2465397,617.1120616,614.4187655,610.2880648,604.8405929,598.196209,590.4740048,581.7923104,572.2687004,562.02,1.64,1.754743003,1.883172437,2.02773749,2.191497333,2.378322481,2.593181398,2.842557654,3.135072647,3.482442641,3.901,c1ccccc1,CCCCCCCCCC
540.2,541.5326124,542.8668666,544.2027624,545.5402999,546.879479,548.2202999,549.5627624,550.9068666,552.2526124,553.6,2.33,2.399210376,2.47200674,2.548666301,2.629495404,2.714833453,2.805057494,2.900587569,3.001893023,3.109499944,3.224,C1CCCCC1,CCCCCCC
591.75,587.8778016,584.018314,580.1715371,576.3374709,572.5161156,568.7074709,564.9115371,561.128314,557.3578016,553.6,3.169,3.175621568,3.182001626,3.188137096,3.194024995,3.199662447,3.205046682,3.210175042,3.21504498,3.219654069,3.224,C1CCCCC1,Cc1ccccc1
568.74,568.0248203,567.132125,566.0619141,564.8141876,563.3889454,561.7861876,560.0059141,558.048125,555.9128203,553.6,2.031,2.112464963,2.199911771,2.294012332,2.395542826,2.505404744,2.624651232,2.75452037,2.89647762,3.052270526,3.224,C1CCCCC1,CCCCCCCC
594.55,591.9382718,588.9969276,585.7259674,582.1253914,578.1951993,573.9353914,569.3459674,564.4269276,559.1782718,553.6,1.81,1.898075326,1.99391816,2.098578462,2.213303574,2.339586855,2.479231443,2.634434934,2.807903435,3.003007617,3.224,C1CCCCC1,CCCCCCCCC
617.7,613.7635015,609.277336,604.2415035,598.6560041,592.5208376,585.8360041,578.6015035,570.817336,562.4835015,553.6,1.64,1.730872753,1.830875006,1.941418753,2.06422162,2.201394223,2.355559299,2.530016969,2.728978409,2.957903406,3.224,C1CCCCC1,CCCCCCCCCC
638.8,634.2873685,628.8842106,622.5905264,615.4063159,607.331579,598.3663159,588.5105264,577.7642106,566.1273685,553.6,1.5149,1.606785839,1.708748264,1.822491907,1.950126722,2.094295958,2.258355852,2.446633245,2.664803563,2.920460344,3.224,C1CCCCC1,CCCCCCCCCCC
658.1,653.1975264,647.0622691,639.6942282,631.0934036,621.2597954,610.1934036,597.8942282,584.3622691,569.5975264,553.6,1.33,1.42161405,1.524567464,1.641029589,1.773756735,1.926304799,2.103341514,2.311117385,2.558198088,2.856644999,3.224,C1CCCCC1,CCCCCCCCCCCC
647.096,635.9724305,624.9452987,614.0146045,603.180348,592.4425292,581.801148,571.2562045,560.8076987,550.4556305,540.2,17.873728,12.09740444,8.949802348,6.985001551,5.651278824,4.692722057,3.974588047,3.419288599,2.979061206,2.622940021,2.33,CCCCCCC,O
568.74,565.7325282,562.7591613,559.8198992,556.914742,554.0436895,551.206742,548.4038992,545.6351613,542.9005282,540.2,2.031,2.05558218,2.081180768,2.1078497,2.135647003,2.164635185,2.194881666,2.22645927,2.259446765,2.293929481,2.33,CCCCCCC,CCCCCCCC
594.55,589.1151127,583.6802003,578.245263,572.8103005,567.375313,561.9403005,556.505263,551.0702003,545.6351127,540.2,1.81,1.852503999,1.896775469,1.942924361,1.991069903,2.041341596,2.093880342,2.148839727,2.206387485,2.266707156,2.33,CCCCCCC,CCCCCCCCC
617.7,609.9481773,602.1967596,594.445747,586.6951395,578.9449369,571.1951395,563.445747,555.6967596,547.9481773,540.2,1.64,1.691975688,1.74689656,1.805014418,1.866610496,1.931999888,2.001536793,2.075620776,2.154704271,2.239301613,2.33,CCCCCCC,CCCCCCCCCC
568.74,539.4471939,518.4051447,505.6138524,501.073317,504.7835386,516.744517,536.9562524,565.4187447,602.1319939,647.096,2.031,2.374743869,2.809245995,3.367271328,4.096263289,5.065519841,6.375888657,8.169383099,10.6252706,13.89625365,17.873728,O,CCCCCCCC
594.55,599.7044874,604.8812221,610.080204,615.3014331,620.5449095,625.8106331,631.098604,636.4088221,641.7412874,647.096,1.81,2.052343993,2.35032779,2.723603556,3.201926866,3.832496842,4.694740626,5.933120535,7.840082545,11.10898399,17.873728,O,CCCCCCCCC
617.7,598.5037464,580.4579501,565.1993772,554.2201255,548.883263,550.4364796,560.0240424,578.6972939,607.4238975,647.096,1.64,1.932090153,2.306430998,2.795291462,3.447127512,4.336009681,5.576156469,7.34099999,9.873084205,13.41782198,17.873728,O,CCCCCCCCCC
568.74,570.602773,572.5629298,574.6204703,576.7753946,579.0277027,581.3773946,583.8244703,586.3689298,589.010773,591.75,2.031,2.111880929,2.198207805,2.290521541,2.389436086,2.495651136,2.609967584,2.733306433,2.866732121,3.011481476,3.169,Cc1ccccc1,CCCCCCCC
594.55,594.2697026,593.9894713,593.7093061,593.4292069,593.1491739,592.8692069,592.5893061,592.3094713,592.0297026,591.75,1.81,1.898202372,1.993691807,2.097360985,2.21025228,2.333590368,2.468823729,2.617678021,2.782225472,2.964976202,3.169,Cc1ccccc1,CCCCCCCCC
617.7,617.9094033,617.4956059,616.4586077,614.7984089,612.5150092,609.6084089,606.0786077,601.9256059,597.1494033,591.75,1.64,1.731744534,1.832208189,1.94262467,2.064467991,2.199513672,2.349919641,2.518334603,2.708045449,2.923181138,3.169,Cc1ccccc1,CCCCCCCCCC
594.55,591.9678298,589.3859196,586.8042695,584.2228794,581.6417494,579.0608794,576.4802695,573.8999196,571.3198298,568.74,1.81,1.829832817,1.850123042,1.870886661,1.892140412,1.91390183,1.9361893,1.959022102,1.982420474,2.006405664,2.031,CCCCCCCC,CCCCCCCCC
617.7,613.4797364,609.1093092,604.5887183,599.9179637,595.0970456,590.1259637,585.0047183,579.7333092,574.3117364,568.74,1.64,1.672538826,1.706314828,1.741399643,1.777870546,1.815811013,1.855311362,1.896469463,1.939391549,1.984193124,2.031,CCCCCCCC,CCCCCCCCCC
617.7,615.385,613.0699999,610.7549999,608.4399999,606.1249999,603.8099999,601.4949999,599.1799999,596.865,594.55,1.64,1.655549359,1.671396397,1.687549744,1.70401837,1.720811594,1.73793911,1.755411,1.773237754,1.791430296,1.81,CCCCCCCCC,CCCCCCCCCC
658.1,652.6347527,647.0121797,641.2171532,635.2345335,629.0491687,622.6458947,616.0095352,609.124902,601.9767945,594.55,1.33,1.366862116,1.405677531,1.446604856,1.489820346,1.535520421,1.583924638,1.635279198,1.689861116,1.747983194,1.81,CCCCCCCCC,CCCCCCCCCCCC
658.1,653.7728872,649.5095773,645.3100701,641.1743659,637.1024645,633.0943659,629.1500701,625.2695773,621.4528872,617.7,1.33,1.355322912,1.381698487,1.409193471,1.437880381,1.467838135,1.499152776,1.531918296,1.566237578,1.602223464,1.64,CCCCCCCCCC,CCCCCCCCCCCC